Mr Marama, Godby, ma_godb@egl-inc.info
Ms Kyon, Nester, ky_ne@progressenergyinc.info
Mr Yoshiyuki, Bunce, yoshiyuki.bunce@progressenergyinc.info
Mr Rey, Gratz, reygra@diaperstack.com
Ms Treva, Morgenstern, trev.morgenste@arvinmeritor.info
Ms Vivienne, Goulet, viv-goul@progressenergyinc.info
Mr Rishley, Yeo, rishle.ye@autozone-inc.info
Ms Modesty, Decarlo, modesty.decar@egl-inc.info
Ms Ondine, Kalish, ondinekalish@autozone-inc.info
Ms Lacey, Devault, lacey.devau@egl-inc.info
Mr Qadir, Goulet, qadgoul@autozone-inc.info
Mr Crispin, Risser, crispi.risse@progressenergyinc.info
Ms Rima, Enciso, rima_enci@autozone-inc.info
Ms Lindall, Charles, lin.cha@progressenergyinc.info
Mr Itzak, Lundgren, it.lundgr@progressenergyinc.info
Mr Tiernan, Wolfe, tier_wol@progressenergyinc.info
Mr Abdullah, Rains, abdu.rai@arvinmeritor.info
Mr Qadir, Gano, qad.gan@progressenergyinc.info
Mr Musa, Weese, mus.wees@diaperstack.com
Ms Hanya, Glaser, haglas@autozone-inc.info
Ms Tirion, Fair, tirfair@autozone-inc.info
Ms Rawnie, Abdalla, raw.abd@egl-inc.info
Mr Lorinc, Goulet, lor.goul@progressenergyinc.info
Mr Rainier, Albee, rainier.albe@arvinmeritor.info
Ms Sarah, Astudillo, sa-as@diaperstack.com
Ms Hermosa, Sisson, herm-sisso@egl-inc.info
Mr Challis, Ricca, chall.ricca@arvinmeritor.info
Ms Libby, Ashbaugh, libbas@arvinmeritor.info
Mr Tresco, Fairley, tres.fairle@arvinmeritor.info
Mr Konol, Nehring, konolnehr@arvinmeritor.info
Mr Fortinbras, Renard, fo-rena@progressenergyinc.info
Mr Massimo, Devault, mass.devault@progressenergyinc.info
Ms Amala, Coil, ama.co@egl-inc.info
Mr Hackett, Lobb, ha.lob@arvinmeritor.info
Ms Neala, Williams, nealawilli@progressenergyinc.info
Mr Manchu, Jeffcoat, majeffcoa@progressenergyinc.info
Mr Heath, Leclair, heat-le@egl-inc.info
Mr Saunderson, Ludwick, saunder.lud@egl-inc.info
Ms Siddhi, Risser, siddhiri@arvinmeritor.info
Ms Gail, Olmos, ga.ol@progressenergyinc.info
Ms Akanke, Canon, aka.can@diaperstack.com
Mr Abdullah, Hetherington, abdull-hethe@arvinmeritor.info
Ms Laurinda, Astudillo, laurin.ast@diaperstack.com
Mr Casey, Goldner, casey.gold@diaperstack.com
Mr Rawson, Fishback, ra.fishbac@egl-inc.info
Mr Conroy, Loftis, conro-lof@diaperstack.com
Ms Atalanta, Whiteside, atal.whites@diaperstack.com
Mr Apemantus, Risser, apris@arvinmeritor.info
Mr Stephano, Dyess, stephano-dye@arvinmeritor.info
Ms Tobie, Delph, tobiedelp@egl-inc.info